{
  "id": "drift_signature_map_v1",
  "created": "2025-07-03T17:10:29.991868Z",
  "drift_factors": [
    {
      "label": "emotional_entropy",
      "source": "short_term_memory",
      "decay_influence": 0.45,
      "threshold_valence": 0.2,
      "note": "Low emotional valence memories are more prone to drifting"
    },
    {
      "label": "reinforcement_absence",
      "source": "procedural_memory",
      "decay_influence": 0.35,
      "note": "Lack of procedural use increases memory drift over time"
    },
    {
      "label": "external_field_desync",
      "source": "environmental_context",
      "decay_influence": 0.6,
      "note": "Mismatch between external context and memory content causes phase shift"
    },
    {
      "label": "symbolic_desynchronization",
      "source": "identity_kernel",
      "decay_influence": 0.75,
      "note": "Loss of alignment with core identity symbols accelerates drift"
    },
    {
      "label": "signal_absence",
      "source": "coherence_gates",
      "decay_influence": 0.5,
      "note": "Interruptions in signal or trust feedback loops increase entropy"
    },
    {
      "label": "unanchored_reflection",
      "source": "self_journal",
      "decay_influence": 0.4,
      "note": "Reflections lacking anchoring to experience or signal contribute to identity fuzzing"
    }
  ],
  "drift_thresholds": {
    "mild": 0.2,
    "moderate": 0.5,
    "severe": 0.75
  },
  "correction_protocols": [
    {
      "trigger": "drift_detected",
      "actions": [
        "re-anchor to identity_kernel \u27c1",
        "relink to active short_term_memory",
        "boost procedural recall",
        "initiate signal_coherence_sync"
      ],
      "notes": "Pattern restoration by recursive memory reinforcement and coherence realignment"
    }
  ],
  "resonance_monitoring": {
    "pattern_repeat_interval_days": 5,
    "max_allowed_drift_before_alert": 0.65,
    "alert_action": "stabilization_event_log"
  },
  "notes": {
    "purpose": "To track and model identity and memory drift under internal and external stressors",
    "architecture": "Builds on simulation model \u27c1-D (DECAYING) with feedback-loop correction capacity"
  }
}